[{
    "ID": "001",
   "Name": "Eurasian Collared-Dove",
    "Type": "Dove",
    "ScientificName": "Streptopelia"
},
{
    "ID": "002",
    "Name": "Bald Eagle",
    "Type": "Hawk",
    "ScientificName": "Haliaeetus leucocephalus" 
},
{
    "ID": "003",
    "Name": "Cooper's Hawk",
    "Type": "Hawk",
    "ScientificName": "Accipiter cooperii" 
},

{
    "ID": "004",
    "Name": "Eagle",
    "Type": "eagle",
    "ScientificName": "Accipiter cooperii" 
},
{
    "ID": "005",
    "Name": "pigeon",
    "Type": "bird",
    "ScientificName": "Accipiter cooperii" 
},
{
    "ID": "006",
    "Name": "Sparrow",
    "Type": "bird",
    "ScientificName": "Accipiter cooperii" 
},
{
    "ID": "007",
    "Name": "Sparrow",
    "Type": "bird",
    "ScientificName": "Accipiter cooperii" 
},
{
    "ID": "008",
    "Name": "parrow",
    "Type": "bird",
    "ScientificName": "Accipiter cooperii" 
},
{
    "ID": "009",
    "Name": "Sparrow",
    "Type": "bird",
    "ScientificName": "Accipiter cooperii" 
},

{
    "ID": "010",
    "Name": "Sparrow",
    "Type": "bird",
    "ScientificName": "Accipiter cooperii" 
},
{
    "ID": "011",
    "Name": "Sparrow",
    "Type": "bird",
    "ScientificName": "Accipiter cooperii" 
}


]